weight,occupation_weight_within_iwa_task_count,occupation_weight_within_iwa_task_dwa_links,occupation_weight_within_iwa_dwa_count,occupation_weight_within_iwa_core_task_count,occupation_weight_within_iwa_classified_task_count
occupation_weight_within_iwa_task_count,1.0,0.9892490213121333,0.9176711561719888,0.6071349451088384,0.9136958726560054
occupation_weight_within_iwa_task_dwa_links,0.9892490213121333,1.0,0.929549467008822,0.6021758055611328,0.904107433641138
occupation_weight_within_iwa_dwa_count,0.9176711561719888,0.929549467008822,1.0,0.531717252990516,0.8352960452407288
occupation_weight_within_iwa_core_task_count,0.6071349451088384,0.6021758055611328,0.531717252990516,1.0,0.6824153133259379
occupation_weight_within_iwa_classified_task_count,0.9136958726560054,0.904107433641138,0.8352960452407288,0.6824153133259379,1.0
