weight,occupation_weight_within_iwa_task_count,occupation_weight_within_iwa_task_dwa_links,occupation_weight_within_iwa_dwa_count,occupation_weight_within_iwa_core_task_count,occupation_weight_within_iwa_classified_task_count
occupation_weight_within_iwa_task_count,1.0,0.99537364816399,0.8446499757594336,0.8821175547003995,0.9788299175323992
occupation_weight_within_iwa_task_dwa_links,0.99537364816399,1.0,0.8540745913404796,0.8770402446209972,0.9739816929626126
occupation_weight_within_iwa_dwa_count,0.8446499757594336,0.8540745913404796,1.0,0.7025863784688618,0.8190055268894704
occupation_weight_within_iwa_core_task_count,0.8821175547003995,0.8770402446209972,0.7025863784688618,1.0,0.8966276792984877
occupation_weight_within_iwa_classified_task_count,0.9788299175323992,0.9739816929626126,0.8190055268894704,0.8966276792984877,1.0
