platform,platform_label,net_column,nonzero_only,winsor_lower_quantile,winsor_upper_quantile,winsor_lower_value,winsor_upper_value,n,pearson,spearman,mean_net,median_net,n_positive,n_negative,n_zero
1p_api,API,net_emp_pc_1p_api_count_pc_winsorized,False,0.01,0.99,-6.879222826151057e-05,0.7694687267493382,761,0.07477780005266836,0.3394291340658459,0.028720994438016526,0.0010738255033557,495,10,256
claude_ai,Claude.ai,net_emp_pc_claude_ai_count_pc_winsorized,False,0.01,0.99,-0.24300764042245365,0.11014868948504469,761,-0.13322839127534156,-0.3115925655757046,-0.007865353845391377,0.0,187,323,251
total,Total,net_emp_pc_total_count_pc_winsorized,False,0.01,0.99,-0.16282503422727979,0.6644962923408083,761,0.005278932251697782,-0.04214545669089069,0.017753810199998766,1.5330186818599684e-05,383,172,206
1p_api,API,net_emp_pc_1p_api_count_pc_winsorized,True,0.01,0.99,-6.879222826151057e-05,0.7694687267493382,505,0.03737940744743396,0.21379955422168975,0.043280548054119954,0.0045913188847095,495,10,0
claude_ai,Claude.ai,net_emp_pc_claude_ai_count_pc_winsorized,True,0.01,0.99,-0.24300764042245365,0.11014868948504469,510,-0.12912979781325215,-0.34731614113221176,-0.011736341718319292,-0.0004190130929769499,187,323,0
total,Total,net_emp_pc_total_count_pc_winsorized,True,0.01,0.99,-0.16282503422727979,0.6644962923408083,555,-0.019728393797084562,-0.106479387254016,0.024343512724682992,0.0013920268202026,383,172,0
